urls,category,keyword1,freq1,keyword2,freq2,keyword3,freq3,keyword4,freq4,keyword5,freq5,keyword6,freq6,keyword7,freq7,keyword8,freq8,keyword9,freq9,keyword10,freq10
http://leaksndi6i6m2ji6ozulqe4imlrqn6wrgjlhxe25vremvr3aymm4aaid.onion/,leak,,,,,,,,,,,,,,,,,,,,
https://ransomed.biz/,leak,ransomedvc,3,kixat,3,shopping,3,wire,2,rvcadmin,2,looking,2,affiliates,2,company,2,unyleya,2,quality,2
http://izsp6ipui4ctgxfugbgtu65kzefrucltyfpbxplmfybl5swiadpljmyd.onion/,leak,,,,,,,,,,,,,,,,,,,,
http://tp5cwh6d2b5hekcg6jlhoe6mawa7dlwiv47epvnfmzuaaur2dnaa3uid.onion/,leak,download,18,security,18,data,14,files,12,beenhere,10,published,10,place,10,https,9,downloaded,8,licenses,6
http://5butbkrljkaorg5maepuca25oma7eiwo6a2rlhvkblb4v6mf3ki2ovid.onion/#list,leak,download,84,published,77,file,43,views,42,hour,42,minute,42,https,39,services,33,company,29,information,25
http://direwolfcdkv5whaz2spehizdg22jsuf5aeje4asmetpbt6ri4jnd4qd.onion/,leak,dire,3,wolf,3,home,1,contact,1,loading,1,articles,1,leak,1,site,1,rights,1,reserved,1
http://lockbit4lahhluquhoka3t4spqym2m3dhe66d6lr337glmnlgg2nndad.onion/,leak,,,,,,,,,,,,,,,,,,,,
https://www.ransomware.live/,leak,date,132,discovery,100,generated,36,attack,33,estimated,32,company,20,safepay,18,based,14,global,13,group,12
http://pdcizqzjitsgfcgqeyhuee5u6uki6zy5slzioinlhx6xjnsw25irdgqd.onion,leak,,,,,,,,,,,,,,,,,,,,
http://vmjfieomxhnfjba57sd6jjws2ogvowjgxhhfglsikqvvrnrajbmpxqqd.onion,leak,handala,11,uncategorized,10,iran,9,hacked,8,international,7,telegram,6,official,5,internal,5,media,4,channel,4
http://orca66hwnpciepupe5626k2ib6dds6zizjwuuashz67usjps2wehz4id.onion,leak,,,,,,,,,,,,,,,,,,,,
http://bashete63b3gcijfofpw6fmn3rwnmyi5aclp55n6awcfbexivexbhyad.onion,leak,,,,,,,,,,,,,,,,,,,,
http://47glxkuxyayqrvugfumgsblrdagvrah7gttfscgzn56eyss5wg3uvmqd.onion,leak,,,,,,,,,,,,,,,,,,,,
https://worldleaksartrjm3c6vasllvgacbi5u3mgzkluehrzhk2jz4taufuid.onion/companies/7802061314,leak,,,,,,,,,,,,,,,,,,,,
http://termiteuslbumdge2zmfmfcsrvmvsfe4gvyudc5j6cdnisnhtftvokid.onion/,leak,termite,1,,,,,,,,,,,,,,,,,,
http://silentbgdghp3zeldwpumnwabglreql7jcffhx5vqkvtf2lshc4n5zid.onion/,leak,silent,1,blog,1,,,,,,,,,,,,,,,,
http://twniiyed6mydtbe64i5mdl56nihl7atfaqtpww6gqyaiohgc75apzpad.onion/,leak,,,,,,,,,,,,,,,,,,,,
http://imncrewwfkbjkhr2oylerfm5qtbzfphhmpcfag43xc2kfgvluqtlgoid.onion/,leak,download,20,click,10,link,10,data,10,health,9,company,7,industry,6,home,6,founded,5,city,5
http://gunrabxbig445sjqa535uaymzerj6fp4nwc6ngc2xughf2pedjdhk4ad.onion/,leak,data,14,industry,14,location,13,https,11,information,5,company,5,public,4,financial,4,business,3,datos,3
http://z3wqggtxft7id3ibr7srivv5gjof5fwg76slewnzwwakjuf3nlhukdid.onion/blog,leak,publicated,24,files,24,click,24,open,24,july,18,united,18,states,17,brown,10,company,7,including,6
http://lockbit7z4ndl6thsct34yd47jrzdkpnfg3acfvpacuccb45pnars2ad.onion/,leak,corp,6,comune,3,june,3,october,3,group,3,twitter,2,bitcoin,2,contact,2,press,2,affiliate,2
http://om6q4a6cyipxvt7ioudxt24cw4oqu4yodmqzl25mqd2hgllymrgu4aqd.onion/,leak,open,9,secret,5,blueprints,5,disneyland,3,casino,3,fullinfo,3,anubis,2,english,2,paris,2,confidential,2
http://sarcomawmawlhov7o5mdhz4eszxxlkyaoiyiy2b5iwxnds2dmb4jakad.onion/,leak,industry,27,contains,22,site,20,info,20,archive,20,leak,20,size,20,files,19,download,17,link,17
http://j3dp6okmaklajrsk6zljl5sfa2vpui7j2w6cwmhmmqhab6frdfbphhid.onion/,leak,download,332,listing,261,data,249,revenue,234,million,234,view,179,rtblegal,4,losolivos,4,gmbh,4,foyernotredamedepaix,4
http://rnsmwareartse3m4hjsumjf222pnka6gad26cqxqmbjvevhbnym5p6ad.onion/,leak,info,9,management,4,harvest,3,years,3,gilbert,3,wares,2,software,2,company,2,specialized,2,supply,2
http://rhysidafohrhyy2aszi7bm32tnjat5xri65fopcxkdfxhi4tidsg7cad.onion/,leak,contact,5,rhysida,4,email,4,please,4,send,4,news,4,onionmail,4,company,3,form,3,token,2
http://ijzn3sicrcy7guixkzjkib4ukbiilwc3xhnmby4mcbccnsd7j2rekvqd.onion/,leak,company,25,files,23,photos,20,learn,20,services,6,login,5,family,5,door,4,based,4,years,4
http://nitrogenczslprh3xyw6lh5xyjvmsz7ciljoqxxknd7uymkfetfhgvqd.onion,leak,https,29,dump,29,read,29,company,16,services,15,solutions,15,products,13,including,10,range,9,industries,8
http://mydatae2d63il5oaxxangwnid5loq2qmtsol2ozr6vtb7yfm5ypzo6id.onion/blog,leak,please,1,later,1,,,,,,,,,,,,,,,,
http://lynxblogco7r37jt7p5wrmfxzqze7ghxw6rihzkqc455qluacwotciyd.onion/leaks,leak,lynx,1,,,,,,,,,,,,,,,,,,
http://lockbit7z2jwcskxpbokpemdxmltipntwlkmidcll2qirbu7ykg46eyd.onion/,leak,corp,6,comune,3,june,3,october,3,group,3,twitter,2,bitcoin,2,contact,2,press,2,affiliate,2
http://krakenccj3wr23452a4ibkbkuph4d6soyx2xgjoogtuamc3m7u7wemad.onion/,leak,details,15,http,7,onion,7,leak,3,humac,3,kraken,2,blog,2,mada,2,provider,2,optyma,2
http://incblog6qu4y4mm4zvw5nrmue6qbwtgjsxpw6b7ixzssu36tsajldoad.onion/blog/disclosures/67f4f6f0516e69ca615e9bf1,leak,null,1,,,,,,,,,,,,,,,,,,
http://embargobe3n5okxyzqphpmk3moinoap2snz5k6765mvtkk7hhi544jid.onion/#/,leak,embargo,1,need,1,enable,1,javascript,1,,,,,,,,,,,,
http://34o4m3f26ucyeddzpf53bksy76wd737nf2fytslovwd3viac3by5chad.onion/leaks,leak,frag,1,blog,1,,,,,,,,,,,,,,,,
http://blogvl7tjyjvsfthobttze52w36wwiz34hrfcmorgvdzb6hikucb7aqd.onion/news.php?page=1,leak,news,1,need,1,enable,1,javascript,1,,,,,,,,,,,,
http://z6wkgghtoawog5noty5nxulmmt2zs7c3yvwr22v4czbffdoly2kl4uad.onion/,leak,uncategorized,12,published,11,categorized,11,files,11,information,9,data,7,price,7,descriptionemployee,6,customer,6,email,6
http://j5o5y2feotmhvr7cbcp2j2ewayv5mn5zenl3joqwx67gtfchhezjznad.onion/,leak,data,1,leak,1,site,1,,,,,,,,,,,,,,
http://ciphbitqyg26jor7eeo6xieyq7reouctefrompp6ogvhqjba7uo4xdid.onion/,leak,,,,,,,,,,,,,,,,,,,,
http://hptqq2o2qjva7lcaaq67w36jihzivkaitkexorauw7b2yul2z6zozpqd.onion/list,leak,chaos,1,,,,,,,,,,,,,,,,,,
http://yrz6bayqwhleymbeviter7ejccxm64sv2ppgqgderzgdhutozcbbhpqd.onion/,leak,learn,13,updated,13,company,7,data,7,business,6,offer,6,solutions,5,sunlux,5,support,4,brazil,4
http://intelrepository.com/,leak,,,,,,,,,,,,,,,,,,,,
http://zohlm7ahjwegcedoz7lrdrti7bvpofymcayotp744qhx6gjmxbuo2yid.onion/,leak,ransomhouse,1,need,1,enable,1,javascript,1,,,,,,,,,,,,
https://synscan.net/breaches-index,leak,data,17,records,14,imported,12,addresses,11,breach,10,numbers,8,names,8,email,8,date,7,lines,7
https://www.dehashed.com/data,leak,data,12,date,8,wells,7,services,6,count,6,dehashed,5,name,4,desc,4,search,3,blog,3
http://ks5424y3wpr5zlug5c7i6svvxweinhbdcqcfnptkfcutrncfazzgz5id.onion/posts.php,leak,disclosures,138,announcement,9,supply,9,company,6,solutions,4,global,4,medical,4,important,3,status,3,featured,3
http://nsalewdnfclsowcal6kn5csm4ryqmfpijznxwictukhrgvz2vbmjjjyd.onion/,leak,,,,,,,,,,,,,,,,,,,,
http://7ukmkdtyxdkdivtjad57klqnd3kdsmq6tp45rrsxqnu76zzv3jvitlqd.onion/,leak,leak,38,data,34,expired,26,includes,20,site,20,https,20,full,19,stolen,19,dump,14,information,12
http://cicadabv7vicyvgz5khl7v2x5yygcgow7ryy6yppwmxii4eoobdaztqd.onion/,leak,anti,2,ddos,2,defense,1,initializing,1,please,1,wait,1,check,1,progress,1,,,,
http://vkvsgl7lhipjirmz6j5ubp3w3bwvxgcdbpi3fsbqngfynetqtw4w5hyd.onion/,leak,download,20,brain,2,cipher,2,leaks,1,main,1,rules,1,jorgefernandez,1,open,1,iycsa,1,edisoft,1
http://black3gnkizshuynieigw6ejgpblb53mpasftzd6pydqpmq2vn2xf6yd.onion/,leak,blackout,2,gateway,2,created,1,fabric,1,checking,1,human,1,stay,1,please,1,enable,1,javascript,1
http://3ev4metjirohtdpshsqlkrqcmxq6zu3d7obrdhglpy5jpbr7whmlfgqd.onion/,leak,abyss,4,data,3,free,1,publish,1,freely,1,available,1,loading,1,close,1,copyright,1,business,1
https://leak-lookup.com/breaches#phonemondo-com,leak,information,4451,info,25,forum,17,online,14,club,13,hack,8,onion,7,collection,6,indexed,5,name,5
https://b1nd.net/resources/,leak,records,31,whlx,30,database,28,exposed,27,official,25,data,24,leaked,24,user,24,datasets,21,breach,15
https://www.csidb.net/csidb/actors/88d6ccdf-1758-4014-b7ff-bfdffb7c2c1e/,leak,attacks,27,russian,26,turk,22,hack,22,team,22,websites,22,group,21,turkish,19,cyber,18,government,14
https://www.ransomlook.io/leaks,leak,info,25,forum,17,online,14,club,13,hack,8,onion,7,collection,6,life,5,game,5,forums,4
http://ransomocmou6mnbquqz44ewosbkjk3o5qjsl3orawojexfook2j7esad.onion/,leak,everest,1,group,1,news,1,project,1,rights,1,reserved,1,,,,,,,,
https://handala-hack.to/,leak,,,,,,,,,,,,,,,,,,,,
http://nerqnacjmdy3obvevyol7qhazkwkv57dwqvye5v46k5bcujtfa6sduad.onion/,leak,created,19,pixso,19,stolen,2,data,2,bouey,2,black,2,inspiredbeauty,2,mcparlane,2,social,1,media,1
http://ebhmkoohccl45qesdbvrjqtyro2hmhkmh6vkyfyjjzfllm3ix72aqaid.onion/leaks.php,leak,files,51,https,49,size,49,folders,49,school,43,services,31,district,23,data,22,company,20,employees,16
http://rnsm777cdsjrsdlbs4v5qoeppu3px6sb2igmh53jzrx7ipcrbjz5b2ad.onion/index2.html,leak,date,10,tags,10,kenya,5,trinidad,5,tobago,5,peru,4,italy,3,indonesia,3,qatar,3,leak,3
https://ransom.wiki/,leak,services,16,victime,15,disclaimer,14,terms,7,operator,7,information,7,ransom,5,agreement,5,agree,5,ransomware,4
https://zone-xsec.com/archive/page=1,leak,mirror,32,indonesian,30,black,30,hunter,30,archive,3,zone,2,xsec,2,special,2,attacker,2,rank,2
http://tzhwmgguyxrg6q3tu4q3gvopcjynrhw6ryx2bdl5ghisdkyunfua5xyd.onion/,leak,,,,,,,,,,,,,,,,,,,,
http://224uqojvbrdcnd3lozruhpdkq7luucwjbwxwmoj4hslhwsh6lnwqzyad.onion/,other,,,,,,,,,,,,,,,,,,,,
http://33buewrpzrfpttl7kerqvtvzyo3ivumilwwmeqjryzajusltibaqc6ad.onion/,other,securedrop,7,browser,5,security,5,level,5,click,4,change,3,restart,3,english,3,toolbar,2,safest,2
http://3bu5sy446zbvqugbomvulx4ev43s2tgqcilvsg5oqlvguuziutljzgad.onion/,other,chat,4,truncation,2,poofed,1,database,1,damage,1,routine,1,occured,1,either,1,incomplete,1,corruption,1
http://3diyitjbsid5zz6roxmvxzj2vdma3cfkrtlacusz2eag4yyezecsufad.onion/,other,coredir,3,trusted,3,scam,2,fight,2,directory,2,explore,2,network,2,vendors,2,markets,2,wiki,2
http://3ewfgrt4gzfccp6bnquhqb266r3zepiqpnsk3falwygkegtluwuyevid.onion/,other,information,21,install,21,true,21,connections,16,shows,12,sudo,11,options,10,package,10,bandwidth,9,connection,9
http://3m2pgmhdsgrneurfbi5oxelzbytcgxaeajsmtxuijhen3l3asu3c5yad.onion/en,other,filter,81,apply,80,shop,19,discussion,13,presentation,13,bookfair,12,course,11,workshop,11,book,11,august,9
http://3rxmd6axktknjyf6cygtllkimldw5vfxveylmprvtmszb5gmmmuuheyd.onion/,other,toggle,1,navigation,1,,,,,,,,,,,,,,,,
http://3sxff6dnurayvdzzdte7vdzaodc4psgimnn5uswkhr6llhcyy5gfsvad.onion/,other,golovaadama,1,,,,,,,,,,,,,,,,,,
https://3vynrelomm3k43lqhetkztg2o25eif4hrppodo225gqhvglxv3bc7jqd.onion/,other,contenido,6,esta,6,inicio,4,audiocinemateca,3,para,3,cuenta,3,usuario,3,nueva,3,principal,2,crear,2
http://3wisi2bfpxplne5wlwz4l5ucvsbaozbteaqnm62oxzmgwhb2qqxvsuyd.onion/,other,narnia,12,service,5,remote,5,hidden,4,http,3,proxy,3,secure,2,webserver,2,fetch,2,like,2
http://2222jzj4mec63vhvtsj3m3sk4wipoizepc2elo6qwauo3r3jhsjyd6yd.onion/,other,escrow,52,protected,49,quick,48,view,48,store,48,market,28,products,23,drugs,20,vendor,18,endorsed,16
http://2222fxq4bynppoi3qj2j2nuiib73b6n4kt46rdhqu6oo3te4gwezp3qd.onion/,other,cards,6,underground,4,market,4,products,4,gift,3,paypal,3,shipping,3,time,3,prepaid,2,cloned,2
http://2222jzj4mec63vhvtsj3m3sk4wipoizepc2elo6qwauo3r3jhsjyd6yd.onion/,other,escrow,53,store,50,protected,49,quick,48,view,48,market,29,products,24,drugs,21,vendor,18,endorsed,17
http://2xjmhc3m47gs4vw24i5yv2hjwd4iv7nknm24fogzec3dxu4yjucsewqd.onion/,other,transfer,22,transaction,11,link,11,deleted,10,safety,10,airdrop,9,wallet,8,order,7,transfers,6,added,6
http://22ksufca6uje57kyst2proyk2vb3i7xpaionbedecr7vxocrtskh53ad.onion/,other,services,9,offer,8,order,7,carding,5,money,5,hashkeys,4,cash,4,flip,4,card,3,crypto,3
http://22qodyojw57gqamy2shm3pf2ggfphiixw3uu4aoe2dppj2dovn7nmeyd.onion/,other,options,20,product,20,rated,12,sale,10,select,10,multiple,10,variants,10,chosen,10,page,10,fullz,8
http://22rob5wnhh5d4lwrdxn5zpeturcu2jnqgwcuctvmkbeo7ox6uoie2fad.onion/,other,order,6,gift,4,bitcoin,4,amazon,3,cards,3,service,3,ready,3,privacy,3,guarantee,3,escort,3
http://22tojepqmpah32fkeuurutki7o5bmb45uhmgzdg4l2tk34fkdafgt7id.onion/,other,rating,43,bitcoin,7,deep,5,cards,4,tasty,3,link,3,seller,3,shop,3,guide,3,onions,2
http://22vz5amnx26kmpcddzivkia4665datnzuvvuoju27zhh6nhsqke527yd.onion/,other,ccseller,4,order,4,cards,3,cloned,2,card,2,faqs,2,products,2,store,2,reliable,2,understand,2
http://237fsfvwsebq7esvusa73avmzj6hcymgtgfefm4qqzdpra5w62q5a4id.onion/,other,email,10,transfers,9,order,8,money,5,send,5,payway,4,payment,4,within,4,takes,4,longer,4
http://23mjzlihsendhezsiqmqw5d3q57cavon4wjgtt5njzg2gfbh2a27znyd.onion/,other,fast,14,easy,13,world,12,code,12,transfer,12,online,10,shopping,10,safely,10,work,9,wide,9
http://23p3sfylwn4viy7wcxsu6tsbrz66nmuedt343j4znq4rp5hjciua4vqd.onion/,other,hacking,15,information,14,services,11,want,8,password,6,account,6,group,5,service,4,change,4,hacker,3
http://245bsgk3d4t3nyl333nb2qhm55xkdk7cncnfst65zo4vbmdqkmraz6id.onion/,other,card,40,cards,36,payment,25,send,15,shipping,13,click,12,want,11,transfer,11,number,11,transaction,11
http://24qbbk6mmrjktsr56inw7e3gzzokyoi7syupkjq6eiua6sdquhbahhad.onion/,other,escrow,16,transaction,8,seller,6,safeescrow,5,coins,4,create,4,help,4,service,3,funds,3,step,3
http://253nzrontcierpiv4llvfvpueclb6wck2tudsmdgmjt72t2lphfsxpad.onion/,other,card,14,cards,12,services,10,contact,9,flips,7,done,6,order,6,answer,6,cash,5,flip,5
http://3f552hdcxvz4xi65iw56h4lemiyvps7yk6gym7hun52enmjslg2o6rqd.onion/,other,hacking,17,service,2,email,2,protection,2,telegram,2,expert,1,hacker,1,solutions,1,expertise,1,facebook,1
http://265afzheuc4hplzqmdtzxb37t25hglursj3kf7mjpoyazvnnszrtb5ad.onion/,other,account,28,hacking,26,price,25,delay,21,maximum,21,hours,21,password,14,invade,7,services,5,twitter,4
http://26hcu4advrprwv5sgqsmszssxu7ga2wrc2o7hjcqnzpc3klrg6kdmhid.onion/,other,private,21,address,15,balance,14,bitcoin,11,price,11,sold,10,blockchain,9,wallet,7,warning,4,clearnet,4
http://26j76zexxthe7cdemcarotfvb6bq7fwuj5y4uerfkmsugrubt6sxviad.onion/,other,email,7,paypal,6,available,6,sold,5,hidden,4,products,4,best,3,contact,3,darkweb,2,source,2
http://26ljjgt5f43euekvrdvvpwgurmbw7ruaxun4ttisw7kscjvu6fswdeqd.onion/,other,transfer,21,bitcoin,10,within,9,payments,9,made,9,registered,5,services,4,hack,4,funds,3,credit,3
http://27bpwh4budb6oayluqumxopwryuufaycckuw4546o247yrqq34glsyqd.onion/,other,price,78,glock,12,luger,11,springfield,5,smith,5,wesson,5,automatic,4,beretta,4,magnum,4,sauer,4
http://27ezycbepl3hfy5evofi4ctoj3n7b3pwovtnxozazu7xlvsehlvriyad.onion/,other,,,,,,,,,,,,,,,,,,,,
http://27spusm7f4guredslrpjzvln4ctq3rcaoed5oszfkkbqhzuzsqq3xrad.onion/,other,email,18,inbox,11,gmail,11,spam,10,emails,10,smtp,10,send,8,unlimited,8,bypass,8,sending,8
http://27tlyolm76xbishxguyy4rvmc5ghl2az5ocvazx66ubjc2p4lgcd2mad.onion/,other,gift,28,card,26,cards,11,payment,11,gamecard,10,gamecards,5,email,5,amazon,5,itunes,5,google,5
http://27wyhuamw5mcwqdtc3t3i6jpes6m66glmxjtgx7mpkhplniituxin6qd.onion/,other,market,22,markets,17,onion,17,hidden,16,services,14,darknet,11,privacy,11,marketplaces,11,security,11,users,11
http://27zjwyzy2fykq7xwgzi5jjmrzaewvqh2b2447e5mwas5em2b5luseiqd.onion/,other,stream,4,airwave,2,broadcast,2,name,2,description,2,mount,1,point,1,live,1,xspf,1,unspecified,1
http://2aguvc2t2xvahpdgwl7k7q3wrimcfktrnn4brx7wcr5ndrg6iz7vefad.onion/,other,drkseid,4,guns,2,arms,2,years,2,provider,1,stealth,1,toggle,1,navigation,1,catalogue,1,contact,1
http://2bcbla34hrkp6shb4myzb2wntl2fxdbrroc2t4t7c3shckvhvk4fw6qd.onion/,other,sell,21,worth,18,bitcoins,6,virtual,6,currency,6,cash,4,paypal,4,bitcoin,3,mail,3,ethereum,3
http://2bgeu4ycpbuuq3n754jzu4dbtxrau2lky7szezskgjce33sth7xyntad.onion/,other,hacker,19,hire,17,hacking,8,consultation,7,contact,6,account,6,phonejacking,6,free,6,information,6,professional,5
http://2bia2onkcut54hdsqqc3dypu6exezgfoelrrjwpnkfvg633ax4wz5wyd.onion/,other,,,,,,,,,,,,,,,,,,,,
http://2bmcwqsq6o7hfa7lsfmvthrtn5lyppvwsdj5mba435ofudreswybbvqd.onion/,other,send,21,mail,20,address,15,name,14,code,14,country,14,comments,14,skimmer,11,insert,7,diebold,5
http://2bovrx72b6uxp4phue2kufll3qyispa6rnngeeu23x5hdgvcj35cytqd.onion/,other,cards,55,code,31,money,30,fast,29,easy,28,transfers,27,online,26,world,25,shopping,24,withdrawals,24
http://3wnnh7ayiqf6k52uslnkzbgqjwxag4s7bluobnkboo75mk42pof7ijqd.onion/,other,bitcoin,36,wallet,13,address,12,addr,10,money,10,free,8,receive,8,exploit,7,blockchain,6,price,6
http://2bvy5gdwuudxgodmvlfpxg52ammhmxzx7nc3vvivlvq6ujjnv7ny3hyd.onion/,other,cards,34,card,30,payment,24,send,14,union,11,shipping,11,transfer,11,number,11,transaction,11,western,10
http://2c57peyk4w6h2yr4hk7hucq3nz2tkwbescc7xuqbeijt5se2rstjprid.onion/,other,easy,15,fast,14,world,12,code,12,transfer,12,online,10,shopping,10,safely,10,work,9,wide,9
http://2ceiaa37hsmmk3japczvc4b6wnralj64qpf7ywfheircq3ht3rwus6ad.onion/,other,librey,4,search,2,libre,1,torrents,1,source,1,instances,1,settings,1,donate,1,latest,1,commit,1
http://2cmfhbscfbruggyqwbr7g2oa3fx3ckjqinujtuqlygcoxotpnb3sclqd.onion/,other,surex,4,online,4,market,4,highest,4,quality,4,official,3,site,3,drugs,3,home,2,become,2
http://2cn73257yggyhrmvcstlay5y3dsmikdd6ymcoumaivoch76d6gnjtiid.onion/,other,passport,59,rated,59,verification,32,wishlist,24,quick,24,view,24,price,18,driver,15,license,15,front,14
http://2crftbzxbcoqolvzreaaeyrod5qwycayef55gxgzgfcpqlaxrnh3kkqd.onion/,other,dotya,4,gitea,3,code,2,good,2,like,2,bloat,2,software,2,website,1,requires,1,javascript,1
http://2edx5pnmwm26mhrqxhkfbxbupbdhnufbmjk2lkpvs2bx55hbmtbhrmad.onion/,other,gift,43,card,41,amazon,13,sale,12,germany,6,itunes,5,steam,5,giftcardxpress,4,uber,3,eats,3
http://4f4efsa3pe64ma3wighpu7kmvsxwrn446qp6jble243wf2ly6chrfwid.onion/,other,guns,4,ammo,4,unused,3,product,3,price,3,quantity,3,rounds,3,euro,2,walther,2,desert,2
http://2ev6kqzhbeunwggycxvbucx4tf73ahczqa6xcpmtswexp7qu4bd65myd.onion/,other,caddy,16,site,6,domain,3,records,3,files,3,html,3,caddyfile,3,need,3,everything,3,take,3
http://2ezyofc26j73hv3xxvsrnbc23dqxhgxqtk5ogcc7y6j5t6rlqquvhzid.onion/,other,earn,8,week,8,interest,6,invest,6,bitcoin,5,investment,4,trust,3,client,3,traders,2,bitcoins,2
http://2f7r6tjb5mg7jangsnn3xaccep22rhc4cxlab3ehicj7feu5qjjqcwad.onion/,other,bitcoin,5,exploit,4,address,4,send,3,live,2,must,2,amount,2,sent,2,small,2,funds,2
http://2f7wuclkuz2fspquoe3qlqyzyjilqlsyiz5mihjzyz22e66n4le4saad.onion/,other,welcome,3,mephisto,3,darkness,3,site,2,realm,2,find,2,embrace,2,true,2,night,1,shadows,1
http://2hek7b3bml77x7q2uvsqcmzoagb2gw5gf2oqaqhue7tfipfby3bhmzqd.onion/,other,deepmarketplace,2,queue,2,access,1,placed,1,awaiting,1,forwarding,1,platform,1,estimated,1,wait,1,time,1
http://2hsm2rbcw64i433blnrn6aadmjsujjpspdz5d3fyyepw4re44v2y5eid.onion/,other,national,1,libertarian,1,party,1,russian,1,people,1,republic,1,,,,,,,,
http://2ij4h4jqkuaapnta43oakcpfcaibyg7jcjh2lqkg2sfj3ihrsmfmtdqd.onion/,other,card,11,price,9,cards,6,shipping,4,balance,4,payment,4,work,3,bank,3,online,3,cash,3
http://2iuqaneelp3ggqgjjqfdqddhdrxvxllyala7kovmb2odlqnqnqbsxfad.onion/,other,,,,,,,,,,,,,,,,,,,,
http://2j76qxuzlmapf7hgsyspjyak36jhllnnujrewhgyiyexsousy5hbnqad.onion/,other,paypal,7,money,6,bankor,5,cards,4,best,4,services,4,thank,4,cloned,3,credit,3,prepaid,3
http://2jmbmcflllt72eqhu553bibzho7rigxhqreqstef6zg2iqrv3cj2aaid.onion/,other,cards,64,code,37,fast,36,money,35,transfers,33,easy,33,online,32,world,29,stores,28,shopping,28
http://2jwcnprqbugvyi6ok2h2h7u26qc6j5wxm7feh3znlh2qu3h6hjld4kyd.onion/,other,onion,80,http,77,bitcoin,11,hidden,6,store,6,wiki,5,dark,5,mixer,5,cannabis,5,best,4
http://2jxpke2o5zfvfbopfdj6xyb7ucrd36nyfz7fiwiuqmqp7t4qnf7cyyqd.onion/,other,money,51,cash,34,make,30,dollars,18,rich,16,euro,15,order,12,francs,10,shipping,9,steal,9
http://2k73p5ku45ox4attf3v6a4yit6gfdxjd7kiwvxqcrz6fw37gm6acgxqd.onion/,other,offizielle,3,tskarte,3,personalausweis,2,eine,2,termin,2,ihre,2,diese,2,echter,1,deutscher,1,registriert,1
http://2kfwh535ntg7nmcre65zy223t4wqsqulyvxp2apcptwtvo6bt2j3a7qd.onion/,other,registered,5,visa,5,name,4,full,4,passports,4,canada,4,mexico,4,zealand,4,escrow,3,database,3
http://2l5cyiglloaimmacm6ulai62yqg344nwo3enyxx7vhgk3655ujin52yd.onion/,other,mail,21,support,17,profit,13,autobuy,12,regular,9,local,8,black,7,special,7,transfer,6,cheque,6
http://2ln3x7ru6psileh7il7jot2ufhol4o7nd54z663xonnnmmku4dgkx3ad.onion/,other,hits,4,brainmagic,2,psychedelics,2,products,2,tested,2,best,2,price,2,mescaline,2,pure,2,freebase,2
http://2mqeepkwhpadzjd6o3iktot4loebjzmbffbvkuq3huiunay7co7vorad.onion/,other,escrow,8,service,3,seller,3,buyer,3,umbrella,2,funds,2,inspection,2,dispute,2,oldest,1,start,1
http://2mthvthehj7w64qftegqrv4eowyqcidnjbo23esohcj6y5kpyww374qd.onion/,other,cards,62,code,37,fast,36,money,35,transfers,33,easy,33,online,31,world,29,stores,28,shopping,28
http://2nhk4glwvh35tlv66wckm3bd3r5kl5vbt7oex5t7oi7lrh3rh72afzid.onion/,other,scam,10,site,10,list,7,onion,6,http,5,verified,4,money,4,sites,3,links,3,want,3
http://2nmmsf3vfcgxg2m7g65elvtdonx7twqt5iwre5hynnocpj3snhrlogyd.onion/,other,cards,9,gift,8,amazon,5,online,5,code,5,available,4,valued,4,email,4,prices,2,escrow,2
http://2nxpboa3ya52j5au4gxwkdt4nxoh5g4y4f3tuqedlza46y35jmv6doid.onion/,other,server,4,secretmail,3,onionmail,3,mail,2,sign,2,onion,1,encrypted,1,hidden,1,service,1,help,1
http://2ofeyrdn7grjb3qrutz63e3odjtuvvlysaxhtiyhojyfauleu6fxpcqd.onion/,other,mind,19,read,10,digital,9,crystals,7,humans,7,information,6,human,6,also,6,physical,6,inspiration,5
http://2ovlzrhesbifsyrigjhkc2evey4h7jsokvjhzyq6h46hcdnn4ry3uyad.onion/,other,http,2,onion,2,hoge,1,room,1,make,1,,,,,,,,,,
http://2p3edjjjom7q4hj7obxhbo7s6x4vrugi7xo2yvyyhmzmbyjecokhpqyd.onion/,other,,,,,,,,,,,,,,,,,,,,
http://2ptiqpat72arh757vmedx7erbbbkdgqlxv53hsqt4cymypo2k5y577ad.onion/,other,pookie,2,funny,1,website,1,cutie,1,scientists,1,trust,1,atoms,1,make,1,everything,1,scarecrow,1
http://2puscg2tm56hhhsbkbpamfjxegzwkffaka7ioa6edh4i55ijj5f66eid.onion/,other,cards,32,order,17,card,15,best,14,online,12,gift,11,world,11,work,11,shopping,11,withdrawals,11
http://2pyimbpxocupne6nbekma4dygkobl36sblei6ttknbm4kfh3r7jlpzyd.onion/,other,upload,2,files,2,share,1,riseup,1,javascript,1,required,1,view,1,contact,1,currently,1,limited,1
http://2q443slhwk7j4hl4c4dzxmyf6ukowqx7bxcmiab3srtvdwkdcty4adad.onion/,other,transfer,9,perfectmoney,9,lordpay,8,using,7,accounts,7,good,6,paypal,6,funds,6,sent,6,chargebacks,6
http://2rjrvmrrqr32445ps2c5hzh23awyx3bd6ynwvgacn3ymfdaejizelyid.onion/,other,verified,9,delivery,8,seller,8,rating,8,codes,4,amazon,4,accounts,3,card,3,moneyplus,2,dumps,2
http://gl6shxg7gj5rwva3l4suuh2jykxnyeuhoszjk7hddn2e2atkvnvifmad.onion/,other,,,,,,,,,,,,,,,,,,,,
http://gknzgjo3fjdjewpdme6sag53cnijmxon3s5alm5qxdhapbna7h6iw7ad.onion/,other,ddna,9,site,1,info,1,club,1,live,1,store,1,,,,,,,,
http://germany2igel45jbmjdipfbzdswjcpjqzqozxt4l33452kzrrda2rbid.onion/,other,site,1,seized,1,impressum,1,datenschutz,1,,,,,,,,,,,,
http://germaniafo7ythczg3iul7yk3cbfpb3z5e47mssr2ugen756xjznbsad.onion/,other,germania,1,german,1,onion,1,forum,1,bitte,1,warten,1,please,1,wait,1,,,,
http://gecnr4j4vcbx5ppbl4ktzdbiz4xw7in62ox7mgyzsapclyykkisl5yyd.onion/,other,cardbtc,4,telegram,2,https,2,sberbankobmen,2,bitcoin,1,mail,1,jabber,1,xmpp,1,element,1,matrix,1
http://gdaekez737jzmgxgjv3ls2g23as3xco6rboqsnstj2clguek44ntnzad.onion/,other,ihre,7,treuhandservice,5,sicherheit,5,transaktionen,4,vertrauen,4,sind,4,durch,3,sichern,2,einer,2,ufer,2
http://gbutqqvwym7j7raesrcbt7jraislw2g5kjpknwbfeqesms637yrliaid.onion/,other,kaos,3,karl,3,grenades,2,vendeur,2,price,2,stocks,2,suis,2,militaire,2,autres,1,explosifs,1
http://gatpy3gevrub3csftzognlqiswogx3jq5plhdhkemrjgucrnr3dnheqd.onion/,other,money,11,order,11,card,8,transfer,7,robot,6,payment,6,bitcoins,5,security,5,data,5,support,4
http://garantorfvxe6axzkzi66dptnfuo33tlvt7fghvhiwb4drzjqagqtpid.onion/,other,garantor,4,xmpp,2,tuta,1,jabber,1,,,,,,,,,,,,
http://garantocclzcp6tiuvzzn4xhjnrwpknimws7cbcww6xxpnryvgt23lid.onion/,other,garantino,1,tuta,1,,,,,,,,,,,,,,,,
http://cpsexbodrhwzm3xjvnmpntdibf5ibtxhdo2wfw2dagvzc7gcggrqxqid.onion/,other,porn,9,visit,9,teen,4,best,3,orgasm,3,cute,3,boys,3,young,3,onion,2,collection,2
http://2qesoofmdj7mzkmwyqycni4jliooujyane6pui57xmjym6qu5enfvqad.onion/,other,,,,,,,,,,,,,,,,,,,,
http://3bw24dqejqqek2vekxef2v6ym5bf2lar5ebpfduiwbzwwq7l7ztpmiid.onion/,other,feet,11,foot,9,worship,9,welcome,5,academy,5,female,4,females,4,community,4,place,2,matter,2
http://3rh3mefwc5g7p2f4rjntrkaf3rjoygvehsfqmle6zu54svxavjaqjdid.onion/,other,usdt,1,,,,,,,,,,,,,,,,,,
http://3spveue46jt5fewiwimqvtqyoashoel7sjl3c6zgynnwkqvt547itbyd.onion/,other,videos,8,mini,6,super,3,welcome,2,links,2,terabytes,2,video,2,photo,2,glad,1,finally,1
http://4j62ujhp5dvg73giz4cquzianwekhw5dvlxegvxvuuhscmtdpgyhbnad.onion/,other,access,7,code,4,seller,4,click,4,details,4,payment,3,blockonomics,3,order,3,girls,2,videos,2
http://5mgtxpk73auawog65n2jdcb5ratv723glrdm3ssg7qaztyg6kxrp5yqd.onion/,other,porn,214,free,180,video,137,teen,68,girl,64,child,64,young,62,porno,52,girls,50,videos,48
http://5xmlqu2anbuzfzdzalvgufxqncjyi5gwktuovjbsfvjfcn3h7tca5yad.onion/,other,enable,1,javascript,1,avicii,1,tsukihi,1,araragi,1,nadeko,1,sengoku,1,platinum,1,level,1,circulation,1
http://5eddus3twboocqlalhffrufkzepbmcveqs5rg6z2ytzthv37bgrgqead.onion/,other,videos,2,watch,2,download,2,site,2,mail,2,address,2,looking,1,tonight,1,porn,1,sign,1
http://5yerfurvgygdtplnuafm6uxdtzdfhsno6gvb55twa52d77qkkfuxt2qd.onion/,other,insomnia,2,,,,,,,,,,,,,,,,,,
